[{
    "id": 1,
    "name": "北京",
    "sub": [{
        "id": 2,
        "name": "东城区"
    }, {
        "id": 3,
        "name": "西城区"
    }, {
        "id": 4,
        "name": "崇文区"
    }, {
        "id": 5,
        "name": "宣武区"
    }, {
        "id": 6,
        "name": "朝阳区"
    }, {
        "id": 7,
        "name": "海淀区"
    }, {
        "id": 8,
        "name": "丰台区"
    }, {
        "id": 9,
        "name": "石景山区"
    }, {
        "id": 10,
        "name": "房山区"
    }, {
        "id": 11,
        "name": "通州区"
    }, {
        "id": 12,
        "name": "顺义区"
    }, {
        "id": 13,
        "name": "昌平区"
    }, {
        "id": 14,
        "name": "大兴区"
    }, {
        "id": 15,
        "name": "怀柔区"
    }, {
        "id": 16,
        "name": "平谷区"
    }, {
        "id": 17,
        "name": "门头沟区"
    }, {
        "id": 18,
        "name": "密云县"
    }, {
        "id": 19,
        "name": "延庆县"
    }, {
        "id": 20,
        "name": "其他"
    }]
}, {
    "id": 21,
    "name": "广东",
    "sub": [{
        "id": 22,
        "name": "广州"
    }, {
        "id": 23,
        "name": "深圳"
    }, {
        "id": 24,
        "name": "珠海"
    }, {
        "id": 25,
        "name": "汕头"
    }, {
        "id": 26,
        "name": "韶关"
    }, {
        "id": 27,
        "name": "佛山"
    }, {
        "id": 28,
        "name": "江门"
    }, {
        "id": 29,
        "name": "湛江"
    }, {
        "id": 30,
        "name": "茂名"
    }, {
        "id": 31,
        "name": "肇庆"
    }, {
        "id": 32,
        "name": "惠州"
    }, {
        "id": 33,
        "name": "梅州"
    }, {
        "id": 34,
        "name": "汕尾"
    }, {
        "id": 35,
        "name": "河源"
    }, {
        "id": 36,
        "name": "阳江"
    }, {
        "id": 37,
        "name": "清远"
    }, {
        "id": 38,
        "name": "东莞"
    }, {
        "id": 39,
        "name": "中山"
    }, {
        "id": 40,
        "name": "潮州"
    }, {
        "id": 41,
        "name": "揭阳"
    }, {
        "id": 42,
        "name": "云浮"
    }, {
        "id": 43,
        "name": "其他"
    }]
}, {
    "id": 44,
    "name": "上海",
    "sub": [{
        "id": 45,
        "name": "黄浦区"
    }, {
        "id": 46,
        "name": "卢湾区"
    }, {
        "id": 47,
        "name": "徐汇区"
    }, {
        "id": 48,
        "name": "长宁区"
    }, {
        "id": 49,
        "name": "静安区"
    }, {
        "id": 50,
        "name": "普陀区"
    }, {
        "id": 51,
        "name": "闸北区"
    }, {
        "id": 52,
        "name": "虹口区"
    }, {
        "id": 53,
        "name": "杨浦区"
    }, {
        "id": 54,
        "name": "宝山区"
    }, {
        "id": 55,
        "name": "闵行区"
    }, {
        "id": 56,
        "name": "嘉定区"
    }, {
        "id": 57,
        "name": "松江区"
    }, {
        "id": 58,
        "name": "金山区"
    }, {
        "id": 59,
        "name": "青浦区"
    }, {
        "id": 60,
        "name": "南汇区"
    }, {
        "id": 61,
        "name": "奉贤区"
    }, {
        "id": 62,
        "name": "浦东新区"
    }, {
        "id": 63,
        "name": "崇明县"
    }, {
        "id": 64,
        "name": "其他"
    }]
}, {
    "id": 65,
    "name": "天津",
    "sub": [{
        "id": 66,
        "name": "和平区"
    }, {
        "id": 67,
        "name": "河东区"
    }, {
        "id": 68,
        "name": "河西区"
    }, {
        "id": 69,
        "name": "南开区"
    }, {
        "id": 70,
        "name": "河北区"
    }, {
        "id": 71,
        "name": "红桥区"
    }, {
        "id": 72,
        "name": "塘沽区"
    }, {
        "id": 73,
        "name": "汉沽区"
    }, {
        "id": 74,
        "name": "大港区"
    }, {
        "id": 75,
        "name": "东丽区"
    }, {
        "id": 76,
        "name": "西青区"
    }, {
        "id": 77,
        "name": "北辰区"
    }, {
        "id": 78,
        "name": "津南区"
    }, {
        "id": 79,
        "name": "武清区"
    }, {
        "id": 80,
        "name": "宝坻区"
    }, {
        "id": 81,
        "name": "静海县"
    }, {
        "id": 82,
        "name": "宁河县"
    }, {
        "id": 83,
        "name": "蓟县"
    }, {
        "id": 84,
        "name": "其他"
    }]
}, {
    "id": 85,
    "name": "重庆",
    "sub": [{
        "id": 86,
        "name": "渝中区"
    }, {
        "id": 87,
        "name": "大渡口区"
    }, {
        "id": 88,
        "name": "江北区"
    }, {
        "id": 89,
        "name": "南岸区"
    }, {
        "id": 90,
        "name": "北碚区"
    }, {
        "id": 91,
        "name": "渝北区"
    }, {
        "id": 92,
        "name": "巴南区"
    }, {
        "id": 93,
        "name": "长寿区"
    }, {
        "id": 94,
        "name": "双桥区"
    }, {
        "id": 95,
        "name": "沙坪坝区"
    }, {
        "id": 96,
        "name": "万盛区"
    }, {
        "id": 97,
        "name": "万州区"
    }, {
        "id": 98,
        "name": "涪陵区"
    }, {
        "id": 99,
        "name": "黔江区"
    }, {
        "id": 100,
        "name": "永川区"
    }, {
        "id": 101,
        "name": "合川区"
    }, {
        "id": 102,
        "name": "江津区"
    }, {
        "id": 103,
        "name": "九龙坡区"
    }, {
        "id": 104,
        "name": "南川区"
    }, {
        "id": 105,
        "name": "綦江县"
    }, {
        "id": 106,
        "name": "潼南县"
    }, {
        "id": 107,
        "name": "荣昌县"
    }, {
        "id": 108,
        "name": "璧山县"
    }, {
        "id": 109,
        "name": "大足县"
    }, {
        "id": 110,
        "name": "铜梁县"
    }, {
        "id": 111,
        "name": "梁平县"
    }, {
        "id": 112,
        "name": "开县"
    }, {
        "id": 113,
        "name": "忠县"
    }, {
        "id": 114,
        "name": "城口县"
    }, {
        "id": 115,
        "name": "垫江县"
    }, {
        "id": 116,
        "name": "武隆县"
    }, {
        "id": 117,
        "name": "丰都县"
    }, {
        "id": 118,
        "name": "奉节县"
    }, {
        "id": 119,
        "name": "云阳县"
    }, {
        "id": 120,
        "name": "巫溪县"
    }, {
        "id": 121,
        "name": "巫山县"
    }, {
        "id": 122,
        "name": "石柱土家族自治县"
    }, {
        "id": 123,
        "name": "秀山土家族苗族自治县"
    }, {
        "id": 124,
        "name": "酉阳土家族苗族自治县"
    }, {
        "id": 125,
        "name": "彭水苗族土家族自治县"
    }, {
        "id": 126,
        "name": "其他"
    }]
}, {
    "id": 127,
    "name": "辽宁",
    "sub": [{
        "id": 128,
        "name": "沈阳"
    }, {
        "id": 129,
        "name": "大连"
    }, {
        "id": 130,
        "name": "鞍山"
    }, {
        "id": 131,
        "name": "抚顺"
    }, {
        "id": 132,
        "name": "本溪"
    }, {
        "id": 133,
        "name": "丹东"
    }, {
        "id": 134,
        "name": "锦州"
    }, {
        "id": 135,
        "name": "营口"
    }, {
        "id": 136,
        "name": "阜新"
    }, {
        "id": 137,
        "name": "辽阳"
    }, {
        "id": 138,
        "name": "盘锦"
    }, {
        "id": 139,
        "name": "铁岭"
    }, {
        "id": 140,
        "name": "朝阳"
    }, {
        "id": 141,
        "name": "葫芦岛"
    }, {
        "id": 142,
        "name": "其他"
    }]
}, {
    "id": 143,
    "name": "江苏",
    "sub": [{
        "id": 144,
        "name": "南京"
    }, {
        "id": 145,
        "name": "苏州"
    }, {
        "id": 146,
        "name": "无锡"
    }, {
        "id": 147,
        "name": "常州"
    }, {
        "id": 148,
        "name": "镇江"
    }, {
        "id": 149,
        "name": "南通"
    }, {
        "id": 150,
        "name": "泰州"
    }, {
        "id": 151,
        "name": "扬州"
    }, {
        "id": 152,
        "name": "盐城"
    }, {
        "id": 153,
        "name": "连云港"
    }, {
        "id": 154,
        "name": "徐州"
    }, {
        "id": 155,
        "name": "淮安"
    }, {
        "id": 156,
        "name": "宿迁"
    }, {
        "id": 157,
        "name": "其他"
    }]
}, {
    "id": 158,
    "name": "湖北",
    "sub": [{
        "id": 159,
        "name": "武汉"
    }, {
        "id": 160,
        "name": "黄石"
    }, {
        "id": 161,
        "name": "十堰"
    }, {
        "id": 162,
        "name": "荆州"
    }, {
        "id": 163,
        "name": "宜昌"
    }, {
        "id": 164,
        "name": "襄樊"
    }, {
        "id": 165,
        "name": "鄂州"
    }, {
        "id": 166,
        "name": "荆门"
    }, {
        "id": 167,
        "name": "孝感"
    }, {
        "id": 168,
        "name": "黄冈"
    }, {
        "id": 169,
        "name": "咸宁"
    }, {
        "id": 170,
        "name": "随州"
    }, {
        "id": 171,
        "name": "恩施土家族苗族自治州"
    }, {
        "id": 172,
        "name": "仙桃"
    }, {
        "id": 173,
        "name": "天门"
    }, {
        "id": 174,
        "name": "潜江"
    }, {
        "id": 175,
        "name": "神农架林区"
    }, {
        "id": 176,
        "name": "其他"
    }]
}, {
    "id": 177,
    "name": "四川",
    "sub": [{
        "id": 178,
        "name": "成都"
    }, {
        "id": 179,
        "name": "自贡"
    }, {
        "id": 180,
        "name": "攀枝花"
    }, {
        "id": 181,
        "name": "泸州"
    }, {
        "id": 182,
        "name": "德阳"
    }, {
        "id": 183,
        "name": "绵阳"
    }, {
        "id": 184,
        "name": "广元"
    }, {
        "id": 185,
        "name": "遂宁"
    }, {
        "id": 186,
        "name": "内江"
    }, {
        "id": 187,
        "name": "乐山"
    }, {
        "id": 188,
        "name": "南充"
    }, {
        "id": 189,
        "name": "眉山"
    }, {
        "id": 190,
        "name": "宜宾"
    }, {
        "id": 191,
        "name": "广安"
    }, {
        "id": 192,
        "name": "达州"
    }, {
        "id": 193,
        "name": "雅安"
    }, {
        "id": 194,
        "name": "巴中"
    }, {
        "id": 195,
        "name": "资阳"
    }, {
        "id": 196,
        "name": "阿坝藏族羌族自治州"
    }, {
        "id": 197,
        "name": "甘孜藏族自治州"
    }, {
        "id": 198,
        "name": "凉山彝族自治州"
    }, {
        "id": 199,
        "name": "其他"
    }]
}, {
    "id": 200,
    "name": "陕西",
    "sub": [{
        "id": 201,
        "name": "西安"
    }, {
        "id": 202,
        "name": "铜川"
    }, {
        "id": 203,
        "name": "宝鸡"
    }, {
        "id": 204,
        "name": "咸阳"
    }, {
        "id": 205,
        "name": "渭南"
    }, {
        "id": 206,
        "name": "延安"
    }, {
        "id": 207,
        "name": "汉中"
    }, {
        "id": 208,
        "name": "榆林"
    }, {
        "id": 209,
        "name": "安康"
    }, {
        "id": 210,
        "name": "商洛"
    }, {
        "id": 211,
        "name": "其他"
    }]
}, {
    "id": 212,
    "name": "河北",
    "sub": [{
        "id": 213,
        "name": "石家庄"
    }, {
        "id": 214,
        "name": "唐山"
    }, {
        "id": 215,
        "name": "秦皇岛"
    }, {
        "id": 216,
        "name": "邯郸"
    }, {
        "id": 217,
        "name": "邢台"
    }, {
        "id": 218,
        "name": "保定"
    }, {
        "id": 219,
        "name": "张家口"
    }, {
        "id": 220,
        "name": "承德"
    }, {
        "id": 221,
        "name": "沧州"
    }, {
        "id": 222,
        "name": "廊坊"
    }, {
        "id": 223,
        "name": "衡水"
    }, {
        "id": 224,
        "name": "其他"
    }]
}, {
    "id": 225,
    "name": "山西",
    "sub": [{
        "id": 226,
        "name": "太原"
    }, {
        "id": 227,
        "name": "大同"
    }, {
        "id": 228,
        "name": "阳泉"
    }, {
        "id": 229,
        "name": "长治"
    }, {
        "id": 230,
        "name": "晋城"
    }, {
        "id": 231,
        "name": "朔州"
    }, {
        "id": 232,
        "name": "晋中"
    }, {
        "id": 233,
        "name": "运城"
    }, {
        "id": 234,
        "name": "忻州"
    }, {
        "id": 235,
        "name": "临汾"
    }, {
        "id": 236,
        "name": "吕梁"
    }, {
        "id": 237,
        "name": "其他"
    }]
}, {
    "id": 238,
    "name": "河南",
    "sub": [{
        "id": 239,
        "name": "郑州"
    }, {
        "id": 240,
        "name": "开封"
    }, {
        "id": 241,
        "name": "洛阳"
    }, {
        "id": 242,
        "name": "平顶山"
    }, {
        "id": 243,
        "name": "安阳"
    }, {
        "id": 244,
        "name": "鹤壁"
    }, {
        "id": 245,
        "name": "新乡"
    }, {
        "id": 246,
        "name": "焦作"
    }, {
        "id": 247,
        "name": "濮阳"
    }, {
        "id": 248,
        "name": "许昌"
    }, {
        "id": 249,
        "name": "漯河"
    }, {
        "id": 250,
        "name": "三门峡"
    }, {
        "id": 251,
        "name": "南阳"
    }, {
        "id": 252,
        "name": "商丘"
    }, {
        "id": 253,
        "name": "信阳"
    }, {
        "id": 254,
        "name": "周口"
    }, {
        "id": 255,
        "name": "驻马店"
    }, {
        "id": 256,
        "name": "焦作"
    }, {
        "id": 257,
        "name": "其他"
    }]
}, {
    "id": 258,
    "name": "吉林",
    "sub": [{
        "id": 259,
        "name": "长春"
    }, {
        "id": 260,
        "name": "吉林"
    }, {
        "id": 261,
        "name": "四平"
    }, {
        "id": 262,
        "name": "辽源"
    }, {
        "id": 263,
        "name": "通化"
    }, {
        "id": 264,
        "name": "白山"
    }, {
        "id": 265,
        "name": "松原"
    }, {
        "id": 266,
        "name": "白城"
    }, {
        "id": 267,
        "name": "延边朝鲜族自治州"
    }, {
        "id": 268,
        "name": "其他"
    }]
}, {
    "id": 269,
    "name": "黑龙江",
    "sub": [{
        "id": 270,
        "name": "哈尔滨"
    }, {
        "id": 271,
        "name": "齐齐哈尔"
    }, {
        "id": 272,
        "name": "鹤岗"
    }, {
        "id": 273,
        "name": "双鸭山"
    }, {
        "id": 274,
        "name": "鸡西"
    }, {
        "id": 275,
        "name": "大庆"
    }, {
        "id": 276,
        "name": "伊春"
    }, {
        "id": 277,
        "name": "牡丹江"
    }, {
        "id": 278,
        "name": "佳木斯"
    }, {
        "id": 279,
        "name": "七台河"
    }, {
        "id": 280,
        "name": "黑河"
    }, {
        "id": 281,
        "name": "绥化"
    }, {
        "id": 282,
        "name": "大兴安岭地区"
    }, {
        "id": 283,
        "name": "其他"
    }]
}, {
    "id": 284,
    "name": "内蒙古",
    "sub": [{
        "id": 285,
        "name": "呼和浩特"
    }, {
        "id": 286,
        "name": "包头"
    }, {
        "id": 287,
        "name": "乌海"
    }, {
        "id": 288,
        "name": "赤峰"
    }, {
        "id": 289,
        "name": "通辽"
    }, {
        "id": 290,
        "name": "鄂尔多斯"
    }, {
        "id": 291,
        "name": "呼伦贝尔"
    }, {
        "id": 292,
        "name": "巴彦淖尔"
    }, {
        "id": 293,
        "name": "乌兰察布"
    }, {
        "id": 294,
        "name": "锡林郭勒盟"
    }, {
        "id": 295,
        "name": "兴安盟"
    }, {
        "id": 296,
        "name": "阿拉善盟"
    }, {
        "id": 297,
        "name": "其他"
    }]
}, {
    "id": 298,
    "name": "山东",
    "sub": [{
        "id": 299,
        "name": "济南"
    }, {
        "id": 300,
        "name": "青岛"
    }, {
        "id": 301,
        "name": "淄博"
    }, {
        "id": 302,
        "name": "枣庄"
    }, {
        "id": 303,
        "name": "东营"
    }, {
        "id": 304,
        "name": "烟台"
    }, {
        "id": 305,
        "name": "潍坊"
    }, {
        "id": 306,
        "name": "济宁"
    }, {
        "id": 307,
        "name": "泰安"
    }, {
        "id": 308,
        "name": "威海"
    }, {
        "id": 309,
        "name": "日照"
    }, {
        "id": 310,
        "name": "莱芜"
    }, {
        "id": 311,
        "name": "临沂"
    }, {
        "id": 312,
        "name": "德州"
    }, {
        "id": 313,
        "name": "聊城"
    }, {
        "id": 314,
        "name": "滨州"
    }, {
        "id": 315,
        "name": "菏泽"
    }, {
        "id": 316,
        "name": "其他"
    }]
}, {
    "id": 317,
    "name": "安徽",
    "sub": [{
        "id": 318,
        "name": "合肥"
    }, {
        "id": 319,
        "name": "芜湖"
    }, {
        "id": 320,
        "name": "蚌埠"
    }, {
        "id": 321,
        "name": "淮南"
    }, {
        "id": 322,
        "name": "马鞍山"
    }, {
        "id": 323,
        "name": "淮北"
    }, {
        "id": 324,
        "name": "铜陵"
    }, {
        "id": 325,
        "name": "安庆"
    }, {
        "id": 326,
        "name": "黄山"
    }, {
        "id": 327,
        "name": "滁州"
    }, {
        "id": 328,
        "name": "阜阳"
    }, {
        "id": 329,
        "name": "宿州"
    }, {
        "id": 330,
        "name": "巢湖"
    }, {
        "id": 331,
        "name": "六安"
    }, {
        "id": 332,
        "name": "亳州"
    }, {
        "id": 333,
        "name": "池州"
    }, {
        "id": 334,
        "name": "宣城"
    }, {
        "id": 335,
        "name": "其他"
    }]
}, {
    "id": 336,
    "name": "浙江",
    "sub": [{
        "id": 337,
        "name": "杭州"
    }, {
        "id": 338,
        "name": "宁波"
    }, {
        "id": 339,
        "name": "温州"
    }, {
        "id": 340,
        "name": "嘉兴"
    }, {
        "id": 341,
        "name": "湖州"
    }, {
        "id": 342,
        "name": "绍兴"
    }, {
        "id": 343,
        "name": "金华"
    }, {
        "id": 344,
        "name": "衢州"
    }, {
        "id": 345,
        "name": "舟山"
    }, {
        "id": 346,
        "name": "台州"
    }, {
        "id": 347,
        "name": "丽水"
    }, {
        "id": 348,
        "name": "其他"
    }]
}, {
    "id": 349,
    "name": "福建",
    "sub": [{
        "id": 350,
        "name": "福州"
    }, {
        "id": 351,
        "name": "厦门"
    }, {
        "id": 352,
        "name": "莆田"
    }, {
        "id": 353,
        "name": "三明"
    }, {
        "id": 354,
        "name": "泉州"
    }, {
        "id": 355,
        "name": "漳州"
    }, {
        "id": 356,
        "name": "南平"
    }, {
        "id": 357,
        "name": "龙岩"
    }, {
        "id": 358,
        "name": "宁德"
    }, {
        "id": 359,
        "name": "其他"
    }]
}, {
    "id": 360,
    "name": "湖南",
    "sub": [{
        "id": 361,
        "name": "长沙"
    }, {
        "id": 362,
        "name": "株洲"
    }, {
        "id": 363,
        "name": "湘潭"
    }, {
        "id": 364,
        "name": "衡阳"
    }, {
        "id": 365,
        "name": "邵阳"
    }, {
        "id": 366,
        "name": "岳阳"
    }, {
        "id": 367,
        "name": "常德"
    }, {
        "id": 368,
        "name": "张家界"
    }, {
        "id": 369,
        "name": "益阳"
    }, {
        "id": 370,
        "name": "郴州"
    }, {
        "id": 371,
        "name": "永州"
    }, {
        "id": 372,
        "name": "怀化"
    }, {
        "id": 373,
        "name": "娄底"
    }, {
        "id": 374,
        "name": "湘西土家族苗族自治州"
    }, {
        "id": 375,
        "name": "其他"
    }]
}, {
    "id": 376,
    "name": "广西",
    "sub": [{
        "id": 377,
        "name": "南宁"
    }, {
        "id": 378,
        "name": "柳州"
    }, {
        "id": 379,
        "name": "桂林"
    }, {
        "id": 380,
        "name": "梧州"
    }, {
        "id": 381,
        "name": "北海"
    }, {
        "id": 382,
        "name": "防城港"
    }, {
        "id": 383,
        "name": "钦州"
    }, {
        "id": 384,
        "name": "贵港"
    }, {
        "id": 385,
        "name": "玉林"
    }, {
        "id": 386,
        "name": "百色"
    }, {
        "id": 387,
        "name": "贺州"
    }, {
        "id": 388,
        "name": "河池"
    }, {
        "id": 389,
        "name": "来宾"
    }, {
        "id": 390,
        "name": "崇左"
    }, {
        "id": 391,
        "name": "其他"
    }]
}, {
    "id": 392,
    "name": "江西",
    "sub": [{
        "id": 393,
        "name": "南昌"
    }, {
        "id": 394,
        "name": "景德镇"
    }, {
        "id": 395,
        "name": "萍乡"
    }, {
        "id": 396,
        "name": "九江"
    }, {
        "id": 397,
        "name": "新余"
    }, {
        "id": 398,
        "name": "鹰潭"
    }, {
        "id": 399,
        "name": "赣州"
    }, {
        "id": 400,
        "name": "吉安"
    }, {
        "id": 401,
        "name": "宜春"
    }, {
        "id": 402,
        "name": "抚州"
    }, {
        "id": 403,
        "name": "上饶"
    }, {
        "id": 404,
        "name": "其他"
    }]
}, {
    "id": 405,
    "name": "贵州",
    "sub": [{
        "id": 406,
        "name": "贵阳"
    }, {
        "id": 407,
        "name": "六盘水"
    }, {
        "id": 408,
        "name": "遵义"
    }, {
        "id": 409,
        "name": "安顺"
    }, {
        "id": 410,
        "name": "铜仁地区"
    }, {
        "id": 411,
        "name": "毕节地区"
    }, {
        "id": 412,
        "name": "黔西南布依族苗族自治州"
    }, {
        "id": 413,
        "name": "黔东南苗族侗族自治州"
    }, {
        "id": 414,
        "name": "黔南布依族苗族自治州"
    }, {
        "id": 415,
        "name": "其他"
    }]
}, {
    "id": 416,
    "name": "云南",
    "sub": [{
        "id": 417,
        "name": "昆明"
    }, {
        "id": 418,
        "name": "曲靖"
    }, {
        "id": 419,
        "name": "玉溪"
    }, {
        "id": 420,
        "name": "保山"
    }, {
        "id": 421,
        "name": "昭通"
    }, {
        "id": 422,
        "name": "丽江"
    }, {
        "id": 423,
        "name": "普洱"
    }, {
        "id": 424,
        "name": "临沧"
    }, {
        "id": 425,
        "name": "德宏傣族景颇族自治州"
    }, {
        "id": 426,
        "name": "怒江傈僳族自治州"
    }, {
        "id": 427,
        "name": "迪庆藏族自治州"
    }, {
        "id": 428,
        "name": "大理白族自治州"
    }, {
        "id": 429,
        "name": "楚雄彝族自治州"
    }, {
        "id": 430,
        "name": "红河哈尼族彝族自治州"
    }, {
        "id": 431,
        "name": "文山壮族苗族自治州"
    }, {
        "id": 432,
        "name": "西双版纳傣族自治州"
    }, {
        "id": 433,
        "name": "其他"
    }]
}, {
    "id": 434,
    "name": "西藏",
    "sub": [{
        "id": 435,
        "name": "拉萨"
    }, {
        "id": 436,
        "name": "那曲地区"
    }, {
        "id": 437,
        "name": "昌都地区"
    }, {
        "id": 438,
        "name": "林芝地区"
    }, {
        "id": 439,
        "name": "山南地区"
    }, {
        "id": 440,
        "name": "日喀则地区"
    }, {
        "id": 441,
        "name": "阿里地区"
    }, {
        "id": 442,
        "name": "其他"
    }]
}, {
    "id": 443,
    "name": "海南",
    "sub": [{
        "id": 444,
        "name": "海口"
    }, {
        "id": 445,
        "name": "三亚"
    }, {
        "id": 446,
        "name": "五指山"
    }, {
        "id": 447,
        "name": "琼海"
    }, {
        "id": 448,
        "name": "儋州"
    }, {
        "id": 449,
        "name": "文昌"
    }, {
        "id": 450,
        "name": "万宁"
    }, {
        "id": 451,
        "name": "东方"
    }, {
        "id": 452,
        "name": "澄迈县"
    }, {
        "id": 453,
        "name": "定安县"
    }, {
        "id": 454,
        "name": "屯昌县"
    }, {
        "id": 455,
        "name": "临高县"
    }, {
        "id": 456,
        "name": "白沙黎族自治县"
    }, {
        "id": 457,
        "name": "昌江黎族自治县"
    }, {
        "id": 458,
        "name": "乐东黎族自治县"
    }, {
        "id": 459,
        "name": "陵水黎族自治县"
    }, {
        "id": 460,
        "name": "保亭黎族苗族自治县"
    }, {
        "id": 461,
        "name": "琼中黎族苗族自治县"
    }, {
        "id": 462,
        "name": "其他"
    }]
}, {
    "id": 463,
    "name": "甘肃",
    "sub": [{
        "id": 464,
        "name": "兰州"
    }, {
        "id": 465,
        "name": "嘉峪关"
    }, {
        "id": 466,
        "name": "金昌"
    }, {
        "id": 467,
        "name": "白银"
    }, {
        "id": 468,
        "name": "天水"
    }, {
        "id": 469,
        "name": "武威"
    }, {
        "id": 470,
        "name": "酒泉"
    }, {
        "id": 471,
        "name": "张掖"
    }, {
        "id": 472,
        "name": "庆阳"
    }, {
        "id": 473,
        "name": "平凉"
    }, {
        "id": 474,
        "name": "定西"
    }, {
        "id": 475,
        "name": "陇南"
    }, {
        "id": 476,
        "name": "临夏回族自治州"
    }, {
        "id": 477,
        "name": "甘南藏族自治州"
    }, {
        "id": 478,
        "name": "其他"
    }]
}, {
    "id": 479,
    "name": "宁夏",
    "sub": [{
        "id": 480,
        "name": "银川"
    }, {
        "id": 481,
        "name": "石嘴山"
    }, {
        "id": 482,
        "name": "吴忠"
    }, {
        "id": 483,
        "name": "固原"
    }, {
        "id": 484,
        "name": "中卫"
    }, {
        "id": 485,
        "name": "其他"
    }]
}, {
    "id": 486,
    "name": "青海",
    "sub": [{
        "id": 487,
        "name": "西宁"
    }, {
        "id": 488,
        "name": "海东地区"
    }, {
        "id": 489,
        "name": "海北藏族自治州"
    }, {
        "id": 490,
        "name": "海南藏族自治州"
    }, {
        "id": 491,
        "name": "黄南藏族自治州"
    }, {
        "id": 492,
        "name": "果洛藏族自治州"
    }, {
        "id": 493,
        "name": "玉树藏族自治州"
    }, {
        "id": 494,
        "name": "海西蒙古族藏族自治州"
    }, {
        "id": 495,
        "name": "其他"
    }]
}, {
    "id": 496,
    "name": "新疆",
    "sub": [{
        "id": 497,
        "name": "乌鲁木齐"
    }, {
        "id": 498,
        "name": "克拉玛依"
    }, {
        "id": 499,
        "name": "吐鲁番地区"
    }, {
        "id": 500,
        "name": "哈密地区"
    }, {
        "id": 501,
        "name": "和田地区"
    }, {
        "id": 502,
        "name": "阿克苏地区"
    }, {
        "id": 503,
        "name": "喀什地区"
    }, {
        "id": 504,
        "name": "克孜勒苏柯尔克孜自治州"
    }, {
        "id": 505,
        "name": "巴音郭楞蒙古自治州"
    }, {
        "id": 506,
        "name": "昌吉回族自治州"
    }, {
        "id": 507,
        "name": "博尔塔拉蒙古自治州"
    }, {
        "id": 508,
        "name": "石河子"
    }, {
        "id": 509,
        "name": "阿拉尔"
    }, {
        "id": 510,
        "name": "图木舒克"
    }, {
        "id": 511,
        "name": "五家渠"
    }, {
        "id": 512,
        "name": "伊犁哈萨克自治州"
    }, {
        "id": 513,
        "name": "其他"
    }]
}, {
    "id": 514,
    "name": "香港",
    "sub": [{
        "id": 515,
        "name": "中西区"
    }, {
        "id": 516,
        "name": "湾仔区"
    }, {
        "id": 517,
        "name": "东区"
    }, {
        "id": 518,
        "name": "南区"
    }, {
        "id": 519,
        "name": "深水埗区"
    }, {
        "id": 520,
        "name": "油尖旺区"
    }, {
        "id": 521,
        "name": "九龙城区"
    }, {
        "id": 522,
        "name": "黄大仙区"
    }, {
        "id": 523,
        "name": "观塘区"
    }, {
        "id": 524,
        "name": "北区"
    }, {
        "id": 525,
        "name": "大埔区"
    }, {
        "id": 526,
        "name": "沙田区"
    }, {
        "id": 527,
        "name": "西贡区"
    }, {
        "id": 528,
        "name": "元朗区"
    }, {
        "id": 529,
        "name": "屯门区"
    }, {
        "id": 530,
        "name": "荃湾区"
    }, {
        "id": 531,
        "name": "葵青区"
    }, {
        "id": 532,
        "name": "离岛区"
    }, {
        "id": 533,
        "name": "其他"
    }]
}, {
    "id": 534,
    "name": "澳门",
    "sub": [{
        "id": 535,
        "name": "花地玛堂区"
    }, {
        "id": 536,
        "name": "圣安多尼堂区"
    }, {
        "id": 537,
        "name": "大堂区"
    }, {
        "id": 538,
        "name": "望德堂区"
    }, {
        "id": 539,
        "name": "风顺堂区"
    }, {
        "id": 540,
        "name": "嘉模堂区"
    }, {
        "id": 541,
        "name": "圣方济各堂区"
    }, {
        "id": 542,
        "name": "路凼"
    }, {
        "id": 543,
        "name": "其他"
    }]
}, {
    "id": 544,
    "name": "台湾",
    "sub": [{
        "id": 545,
        "name": "台北市"
    }, {
        "id": 546,
        "name": "高雄市"
    }, {
        "id": 547,
        "name": "台北县"
    }, {
        "id": 548,
        "name": "桃园县"
    }, {
        "id": 549,
        "name": "新竹县"
    }, {
        "id": 550,
        "name": "苗栗县"
    }, {
        "id": 551,
        "name": "台中县"
    }, {
        "id": 552,
        "name": "彰化县"
    }, {
        "id": 553,
        "name": "南投县"
    }, {
        "id": 554,
        "name": "云林县"
    }, {
        "id": 555,
        "name": "嘉义县"
    }, {
        "id": 556,
        "name": "台南县"
    }, {
        "id": 557,
        "name": "高雄县"
    }, {
        "id": 558,
        "name": "屏东县"
    }, {
        "id": 559,
        "name": "宜兰县"
    }, {
        "id": 560,
        "name": "花莲县"
    }, {
        "id": 561,
        "name": "台东县"
    }, {
        "id": 562,
        "name": "澎湖县"
    }, {
        "id": 563,
        "name": "基隆市"
    }, {
        "id": 564,
        "name": "新竹市"
    }, {
        "id": 565,
        "name": "台中市"
    }, {
        "id": 566,
        "name": "嘉义市"
    }, {
        "id": 567,
        "name": "台南市"
    }, {
        "id": 568,
        "name": "其他"
    }]
}, {
    "id": 569,
    "name": "海外",
    "sub": [{
        "id": 570,
        "name": "美国"
    }, {
        "id": 571,
        "name": "英国"
    }, {
        "id": 572,
        "name": "德国"
    }, {
        "id": 573,
        "name": "法国"
    }, {
        "id": 574,
        "name": "日本"
    }, {
        "id": 575,
        "name": "澳大利亚"
    }, {
        "id": 576,
        "name": "意大利"
    }, {
        "id": 577,
        "name": "俄罗斯"
    }, {
        "id": 578,
        "name": "新西兰"
    }, {
        "id": 579,
        "name": "其他"
    }]
}]